<step title="BackgroundTrace" date="2025-11-30T04:35:37.352" instance="74bb0c" url="/deploy" method="POST" >
  <step title="Creating temporary deployment - FetchDeploymentManager" date="2025-11-30T04:35:37.454" /><!-- duration: 3ms -->
  <step title="Creating temporary deployment" date="2025-11-30T04:35:37.460" /><!-- duration: 46ms -->
  <step title="Performing fetch based deployment" date="2025-11-30T04:35:37.557" >
    <step title="Deployment timer started" date="2025-11-30T04:35:39.972" >
      <step title="DeploymentManager.Deploy(id:16c2a6cf9abcb39fb1877dc68d4047928cd14c0e)" date="2025-11-30T04:35:39.984" >
        <step title="Collecting changeset information" date="2025-11-30T04:35:40.009" /><!-- duration: 81ms -->
        <step title="Updating submodules" date="2025-11-30T04:35:40.095" /><!-- duration: 1096ms -->
        <step title="Determining deployment builder" date="2025-11-30T04:35:41.392" >
          <step title="Builder is OryxBuilder" date="2025-11-30T04:35:41.396" /><!-- duration: 3ms -->
        </step><!-- duration: 10ms -->
        <step title="PreDeployment: context.CleanOutputPath False" date="2025-11-30T04:35:41.453" >
          <step title="PreDeployment: context.OutputPath /home/site/wwwroot" date="2025-11-30T04:35:41.567" >
            <step title="Building" date="2025-11-30T04:35:41.728" >
              <step title="Executing external process" date="2025-11-30T04:35:41.969" type="process" path="bash" arguments="-c &quot;oryx build /home/site/repository -o /home/site/wwwroot --platform python --platform-version 3.14 -p virtualenv_name=antenv --log-file /tmp/build-debug.log  -i /tmp/8de2fc9eb3245a0 --compress-destination-dir | tee /tmp/oryx-build.log ; exit $PIPESTATUS &quot;" >
                <step title="Cpu: cc1plus(2587,4.210s)+c++(2586,0.000s)+sh(2585,0.000s)+cc1(2607,1.250s)+cc(2606,0.000s)+sh(2605,0.000s)+ninja(2155,0.070s)+python(1114,0.100s)+python(1055,3.370s)+python(1036,1.210s)+ts(1037,0.030s)+build.sh(1035,0.000s)+build.sh(1034,0.000s)+build.sh(933,0.010s)+oryx(914,2.300s)+tee(915,0.000s)+bash(913,0.000s)=total(12.530s)" date="2025-11-30T04:36:55.095" /><!-- duration: 5ms -->
                <step title="bash: no io activity for 61s, prev-cpu=-1.000s, current-cpu=12.530s" date="2025-11-30T04:36:55.103" /><!-- duration: 3ms -->
                <step title="Cpu: cc1(2716,4.890s)+cc(2715,0.000s)+sh(2714,0.000s)+cc1(2737,0.350s)+cc(2736,0.000s)+sh(2735,0.000s)+cc1(2741,0.210s)+cc(2740,0.000s)+sh(2739,0.000s)+ninja(2155,0.100s)+python(1114,0.100s)+python(1055,3.380s)+python(1036,1.210s)+ts(1037,0.030s)+build.sh(1035,0.000s)+build.sh(1034,0.000s)+build.sh(933,0.010s)+oryx(914,2.340s)+tee(915,0.000s)+bash(913,0.000s)=total(12.620s)" date="2025-11-30T04:37:55.258" /><!-- duration: 10ms -->
                <step title="bash: no io activity for 121s, prev-cpu=12.530s, current-cpu=12.620s" date="2025-11-30T04:37:55.276" /><!-- duration: 3ms -->
                <step title="Cpu: cc1(2799,12.940s)+cc(2798,0.000s)+sh(2797,0.000s)+cc1(2856,1.170s)+cc(2855,0.000s)+sh(2854,0.000s)+cc1(2860,0.300s)+cc(2859,0.000s)+sh(2858,0.000s)+ninja(2155,0.100s)+python(1114,0.100s)+python(1055,3.380s)+python(1036,1.220s)+ts(1037,0.030s)+build.sh(1035,0.000s)+build.sh(1034,0.000s)+build.sh(933,0.010s)+oryx(914,2.350s)+tee(915,0.000s)+bash(913,0.000s)=total(21.570s)" date="2025-11-30T04:38:55.504" /><!-- duration: 4ms -->
                <step title="bash: no io activity for 181s, prev-cpu=12.620s, current-cpu=21.570s" date="2025-11-30T04:38:55.518" /><!-- duration: 43ms -->
                <step title="Cpu: cython(2926,2.940s)+sh(2925,0.000s)+cython(2935,1.020s)+sh(2934,0.000s)+cython(2939,0.010s)+sh(2938,0.000s)+ninja(2155,0.120s)+python(1114,0.100s)+python(1055,3.380s)+python(1036,1.220s)+ts(1037,0.030s)+build.sh(1035,0.000s)+build.sh(1034,0.000s)+build.sh(933,0.010s)+oryx(914,2.370s)+tee(915,0.000s)+bash(913,0.000s)=total(11.180s)" date="2025-11-30T04:39:55.714" /><!-- duration: 6ms -->
                <step title="bash: no io activity for 241s, prev-cpu=21.570s, current-cpu=11.180s" date="2025-11-30T04:39:55.723" /><!-- duration: 8ms -->
                <step title="Cpu: cc1(3183,0.220s)+cc(3182,0.000s)+sh(3181,0.000s)+cc1(3186,0.350s)+cc(3185,0.000s)+sh(3184,0.000s)+cc1(3190,0.150s)+cc(3189,0.000s)+sh(3188,0.000s)+ninja(2155,0.150s)+python(1114,0.100s)+python(1055,3.390s)+python(1036,1.220s)+ts(1037,0.030s)+build.sh(1035,0.000s)+build.sh(1034,0.000s)+build.sh(933,0.010s)+oryx(914,2.400s)+tee(915,0.000s)+bash(913,0.000s)=total(8.010s)" date="2025-11-30T04:40:55.805" /><!-- duration: 9ms -->
                <step title="bash: no io activity for 302s, prev-cpu=11.180s, current-cpu=8.010s" date="2025-11-30T04:40:55.818" /><!-- duration: 5ms -->
                <step title="Cpu: cc1(3450,7.350s)+cc(3449,0.000s)+sh(3448,0.000s)+cc1(3457,6.290s)+cc(3456,0.000s)+sh(3455,0.000s)+cc1(3461,4.580s)+cc(3460,0.000s)+sh(3459,0.000s)+ninja(2155,0.190s)+python(1114,0.100s)+python(1055,3.400s)+python(1036,1.220s)+ts(1037,0.030s)+build.sh(1035,0.000s)+build.sh(1034,0.000s)+build.sh(933,0.010s)+oryx(914,2.400s)+tee(915,0.000s)+bash(913,0.000s)=total(25.560s)" date="2025-11-30T04:41:55.914" /><!-- duration: 6ms -->
                <step title="bash: no io activity for 362s, prev-cpu=8.010s, current-cpu=25.560s" date="2025-11-30T04:41:55.925" /><!-- duration: 30ms -->
                <step title="Cpu: cc1(3509,8.440s)+cc(3508,0.000s)+sh(3507,0.000s)+cc1(3513,6.700s)+cc(3512,0.000s)+sh(3511,0.000s)+cc1(3524,0.720s)+cc(3523,0.000s)+sh(3521,0.000s)+ninja(2155,0.200s)+python(1114,0.100s)+python(1055,3.400s)+python(1036,1.230s)+ts(1037,0.030s)+build.sh(1035,0.000s)+build.sh(1034,0.000s)+build.sh(933,0.010s)+oryx(914,2.410s)+tee(915,0.000s)+bash(913,0.000s)=total(23.240s)" date="2025-11-30T04:42:56.155" /><!-- duration: 8ms -->
                <step title="bash: no io activity for 422s, prev-cpu=25.560s, current-cpu=23.240s" date="2025-11-30T04:42:56.166" /><!-- duration: 3ms -->
                <step title="Cpu: cc1(3563,7.580s)+cc(3562,0.000s)+sh(3561,0.000s)+cc1(3568,5.620s)+cc(3567,0.000s)+sh(3566,0.000s)+cc1(3579,0.530s)+cc(3578,0.000s)+sh(3577,0.000s)+ninja(2155,0.210s)+python(1114,0.100s)+python(1055,3.400s)+python(1036,1.230s)+ts(1037,0.030s)+build.sh(1035,0.000s)+build.sh(1034,0.000s)+build.sh(933,0.010s)+oryx(914,2.420s)+tee(915,0.000s)+bash(913,0.000s)=total(21.130s)" date="2025-11-30T04:43:56.396" /><!-- duration: 7ms -->
                <step title="bash: no io activity for 482s, prev-cpu=23.240s, current-cpu=21.130s" date="2025-11-30T04:43:56.407" /><!-- duration: 3ms -->
                <step title="Cpu: python(1055,3.410s)+python(1036,1.230s)+ts(1037,0.030s)+build.sh(1035,0.000s)+build.sh(1034,0.000s)+build.sh(933,0.010s)+oryx(914,2.430s)+tee(915,0.000s)+bash(913,0.000s)=total(7.110s)" date="2025-11-30T04:44:56.489" /><!-- duration: 5ms -->
                <step title="bash: no io activity for 542s, prev-cpu=21.130s, current-cpu=7.110s" date="2025-11-30T04:44:56.497" /><!-- duration: 3ms -->
                <step title="Cpu: cython(4243,2.540s)+sh(4242,0.000s)+cython(4245,2.810s)+sh(4244,0.000s)+cython(4256,0.450s)+sh(4255,0.000s)+ninja(4168,0.010s)+python(4071,0.110s)+python(1036,1.230s)+ts(1037,0.030s)+build.sh(1035,0.000s)+build.sh(1034,0.000s)+build.sh(933,0.010s)+oryx(914,2.460s)+tee(915,0.000s)+bash(913,0.000s)=total(9.630s)" date="2025-11-30T04:45:56.573" /><!-- duration: 14ms -->
                <step title="bash: no io activity for 602s, prev-cpu=7.110s, current-cpu=9.630s" date="2025-11-30T04:45:56.590" /><!-- duration: 3ms -->
                <step title="Cpu: cython(4314,2.820s)+sh(4313,0.000s)+cython(4322,1.340s)+sh(4321,0.000s)+cython(4327,0.130s)+sh(4326,0.000s)+ninja(4168,0.020s)+python(4071,0.110s)+python(1036,1.230s)+ts(1037,0.030s)+build.sh(1035,0.000s)+build.sh(1034,0.000s)+build.sh(933,0.010s)+oryx(914,2.460s)+tee(915,0.000s)+bash(913,0.000s)=total(8.110s)" date="2025-11-30T04:46:56.664" /><!-- duration: 10ms -->
                <step title="bash: no io activity for 662s, prev-cpu=9.630s, current-cpu=8.110s" date="2025-11-30T04:46:56.685" /><!-- duration: 6ms -->
                <step title="Process dump" date="2025-11-30T04:47:16.436" exitCode="1" type="processOutput" /><!-- duration: 10ms -->
              </step><!-- duration: 694481ms -->
              <step title="Error occurred" date="2025-11-30T04:47:16.478" type="error" text="
/bin/bash -c &quot;oryx build /home/site/repository -o /home/site/wwwroot --platform python --platform-version 3.14 -p virtualenv_name=antenv --log-file /tmp/build-debug.log  -i /tmp/8de2fc9eb3245a0 --compress-destination-dir | tee /tmp/oryx-build.log ; exit $PIPESTATUS &quot;" stackTrace="   at Kudu.Core.Infrastructure.Executable.ExecuteInternal(ITracer tracer, Func`2 onWriteOutput, Func`2 onWriteError, CancellationToken token, Encoding encoding, String arguments, Object[] args) in /tmp/KuduLite/Kudu.Core/Infrastructure/Executable.cs:line 239
   at Kudu.Core.Infrastructure.Executable.ExecuteWithProgressWriter(ILogger logger, ITracer tracer, CancellationToken token, String arguments, Object[] args) in /tmp/KuduLite/Kudu.Core/Infrastructure/Executable.cs:line 118
   at Kudu.Core.Deployment.Generator.ExternalCommandBuilder.RunCommand(DeploymentContext context, String command, Boolean ignoreManifest, CancellationToken token, String message) in /tmp/KuduLite/Kudu.Core/Deployment/Generator/ExternalCommandBuilder.cs:line 122" /><!-- duration: 5ms -->
              <step title="Error occurred" date="2025-11-30T04:47:16.489" type="error" text="
/bin/bash -c &quot;oryx build /home/site/repository -o /home/site/wwwroot --platform python --platform-version 3.14 -p virtualenv_name=antenv --log-file /tmp/build-debug.log  -i /tmp/8de2fc9eb3245a0 --compress-destination-dir | tee /tmp/oryx-build.log ; exit $PIPESTATUS &quot;" stackTrace="   at Kudu.Core.Infrastructure.Executable.ExecuteInternal(ITracer tracer, Func`2 onWriteOutput, Func`2 onWriteError, CancellationToken token, Encoding encoding, String arguments, Object[] args) in /tmp/KuduLite/Kudu.Core/Infrastructure/Executable.cs:line 239
   at Kudu.Core.Infrastructure.Executable.ExecuteWithProgressWriter(ILogger logger, ITracer tracer, CancellationToken token, String arguments, Object[] args) in /tmp/KuduLite/Kudu.Core/Infrastructure/Executable.cs:line 118
   at Kudu.Core.Deployment.Generator.ExternalCommandBuilder.RunCommand(DeploymentContext context, String command, Boolean ignoreManifest, CancellationToken token, String message) in /tmp/KuduLite/Kudu.Core/Deployment/Generator/ExternalCommandBuilder.cs:line 122
   at Kudu.Core.Deployment.Generator.OryxBuilder.RunBuildCommand(IOryxArguments args, DeploymentContext context, CancellationToken token) in /tmp/KuduLite/Kudu.Core/Deployment/Generator/OryxBuilder.cs:line 295
   at Kudu.Core.Deployment.Generator.OryxBuilder.Build(DeploymentContext context, CancellationToken token) in /tmp/KuduLite/Kudu.Core/Deployment/Generator/OryxBuilder.cs:line 136
   at Kudu.Core.Deployment.DeploymentManager.Build(ChangeSet changeSet, ITracer tracer, IDisposable deployStep, IRepository repository, DeploymentInfoBase deploymentInfo, DeploymentAnalytics deploymentAnalytics, Boolean fullBuildByDefault, CancellationToken cancellationToken) in /tmp/KuduLite/Kudu.Core/Deployment/DeploymentManager.cs:line 771" /><!-- duration: 3ms -->
              <step title="Using PythonDeploymentLogParser" date="2025-11-30T04:47:16.704" /><!-- duration: 4ms -->
            </step><!-- duration: 696490ms -->
          </step><!-- duration: 696654ms -->
          <step title="Error occurred" date="2025-11-30T04:47:18.224" type="error" text="
/bin/bash -c &quot;oryx build /home/site/repository -o /home/site/wwwroot --platform python --platform-version 3.14 -p virtualenv_name=antenv --log-file /tmp/build-debug.log  -i /tmp/8de2fc9eb3245a0 --compress-destination-dir | tee /tmp/oryx-build.log ; exit $PIPESTATUS &quot;" stackTrace="   at Kudu.Core.Infrastructure.Executable.ExecuteInternal(ITracer tracer, Func`2 onWriteOutput, Func`2 onWriteError, CancellationToken token, Encoding encoding, String arguments, Object[] args) in /tmp/KuduLite/Kudu.Core/Infrastructure/Executable.cs:line 239
   at Kudu.Core.Infrastructure.Executable.ExecuteWithProgressWriter(ILogger logger, ITracer tracer, CancellationToken token, String arguments, Object[] args) in /tmp/KuduLite/Kudu.Core/Infrastructure/Executable.cs:line 118
   at Kudu.Core.Deployment.Generator.ExternalCommandBuilder.RunCommand(DeploymentContext context, String command, Boolean ignoreManifest, CancellationToken token, String message) in /tmp/KuduLite/Kudu.Core/Deployment/Generator/ExternalCommandBuilder.cs:line 122
   at Kudu.Core.Deployment.Generator.OryxBuilder.RunBuildCommand(IOryxArguments args, DeploymentContext context, CancellationToken token) in /tmp/KuduLite/Kudu.Core/Deployment/Generator/OryxBuilder.cs:line 295
   at Kudu.Core.Deployment.Generator.OryxBuilder.Build(DeploymentContext context, CancellationToken token) in /tmp/KuduLite/Kudu.Core/Deployment/Generator/OryxBuilder.cs:line 136
   at Kudu.Core.Deployment.DeploymentManager.Build(ChangeSet changeSet, ITracer tracer, IDisposable deployStep, IRepository repository, DeploymentInfoBase deploymentInfo, DeploymentAnalytics deploymentAnalytics, Boolean fullBuildByDefault, CancellationToken cancellationToken) in /tmp/KuduLite/Kudu.Core/Deployment/DeploymentManager.cs:line 771
   at Kudu.Core.Deployment.DeploymentManager.Build(ChangeSet changeSet, ITracer tracer, IDisposable deployStep, IRepository repository, DeploymentInfoBase deploymentInfo, DeploymentAnalytics deploymentAnalytics, Boolean fullBuildByDefault, CancellationToken cancellationToken) in /tmp/KuduLite/Kudu.Core/Deployment/DeploymentManager.cs:line 840" /><!-- duration: 4ms -->
          <step title="Cleaning up temp files" date="2025-11-30T04:47:18.265" /><!-- duration: 99ms -->
          <step title="Cleaning up temp files" date="2025-11-30T04:47:18.367" /><!-- duration: 510ms -->
          <step title="Error occurred" date="2025-11-30T04:47:18.924" type="error" text="
/bin/bash -c &quot;oryx build /home/site/repository -o /home/site/wwwroot --platform python --platform-version 3.14 -p virtualenv_name=antenv --log-file /tmp/build-debug.log  -i /tmp/8de2fc9eb3245a0 --compress-destination-dir | tee /tmp/oryx-build.log ; exit $PIPESTATUS &quot;" stackTrace="   at Kudu.Core.Infrastructure.Executable.ExecuteInternal(ITracer tracer, Func`2 onWriteOutput, Func`2 onWriteError, CancellationToken token, Encoding encoding, String arguments, Object[] args) in /tmp/KuduLite/Kudu.Core/Infrastructure/Executable.cs:line 239
   at Kudu.Core.Infrastructure.Executable.ExecuteWithProgressWriter(ILogger logger, ITracer tracer, CancellationToken token, String arguments, Object[] args) in /tmp/KuduLite/Kudu.Core/Infrastructure/Executable.cs:line 118
   at Kudu.Core.Deployment.Generator.ExternalCommandBuilder.RunCommand(DeploymentContext context, String command, Boolean ignoreManifest, CancellationToken token, String message) in /tmp/KuduLite/Kudu.Core/Deployment/Generator/ExternalCommandBuilder.cs:line 122
   at Kudu.Core.Deployment.Generator.OryxBuilder.RunBuildCommand(IOryxArguments args, DeploymentContext context, CancellationToken token) in /tmp/KuduLite/Kudu.Core/Deployment/Generator/OryxBuilder.cs:line 295
   at Kudu.Core.Deployment.Generator.OryxBuilder.Build(DeploymentContext context, CancellationToken token) in /tmp/KuduLite/Kudu.Core/Deployment/Generator/OryxBuilder.cs:line 136
   at Kudu.Core.Deployment.DeploymentManager.Build(ChangeSet changeSet, ITracer tracer, IDisposable deployStep, IRepository repository, DeploymentInfoBase deploymentInfo, DeploymentAnalytics deploymentAnalytics, Boolean fullBuildByDefault, CancellationToken cancellationToken) in /tmp/KuduLite/Kudu.Core/Deployment/DeploymentManager.cs:line 771
   at Kudu.Core.Deployment.DeploymentManager.Build(ChangeSet changeSet, ITracer tracer, IDisposable deployStep, IRepository repository, DeploymentInfoBase deploymentInfo, DeploymentAnalytics deploymentAnalytics, Boolean fullBuildByDefault, CancellationToken cancellationToken) in /tmp/KuduLite/Kudu.Core/Deployment/DeploymentManager.cs:line 840
   at Kudu.Core.Deployment.DeploymentManager.DeployAsync(IRepository repository, ChangeSet changeSet, String deployer, Boolean clean, DeploymentInfoBase deploymentInfo, Boolean needFileUpdate, Boolean fullBuildByDefault) in /tmp/KuduLite/Kudu.Core/Deployment/DeploymentManager.cs:line 266" /><!-- duration: 4ms -->
        </step><!-- duration: 697479ms -->
        <step title="Reloading status file with latest updates" date="2025-11-30T04:47:18.971" >
          <step title="WebHooksManager.PublishEventAsync: PostDeployment" date="2025-11-30T04:47:18.975" /><!-- duration: 41ms -->
        </step><!-- duration: 48ms -->
        <step title="Error occurred" date="2025-11-30T04:47:19.022" type="error" text="
/bin/bash -c &quot;oryx build /home/site/repository -o /home/site/wwwroot --platform python --platform-version 3.14 -p virtualenv_name=antenv --log-file /tmp/build-debug.log  -i /tmp/8de2fc9eb3245a0 --compress-destination-dir | tee /tmp/oryx-build.log ; exit $PIPESTATUS &quot;" stackTrace="   at Kudu.Core.Infrastructure.Executable.ExecuteInternal(ITracer tracer, Func`2 onWriteOutput, Func`2 onWriteError, CancellationToken token, Encoding encoding, String arguments, Object[] args) in /tmp/KuduLite/Kudu.Core/Infrastructure/Executable.cs:line 239
   at Kudu.Core.Infrastructure.Executable.ExecuteWithProgressWriter(ILogger logger, ITracer tracer, CancellationToken token, String arguments, Object[] args) in /tmp/KuduLite/Kudu.Core/Infrastructure/Executable.cs:line 118
   at Kudu.Core.Deployment.Generator.ExternalCommandBuilder.RunCommand(DeploymentContext context, String command, Boolean ignoreManifest, CancellationToken token, String message) in /tmp/KuduLite/Kudu.Core/Deployment/Generator/ExternalCommandBuilder.cs:line 122
   at Kudu.Core.Deployment.Generator.OryxBuilder.RunBuildCommand(IOryxArguments args, DeploymentContext context, CancellationToken token) in /tmp/KuduLite/Kudu.Core/Deployment/Generator/OryxBuilder.cs:line 295
   at Kudu.Core.Deployment.Generator.OryxBuilder.Build(DeploymentContext context, CancellationToken token) in /tmp/KuduLite/Kudu.Core/Deployment/Generator/OryxBuilder.cs:line 136
   at Kudu.Core.Deployment.DeploymentManager.Build(ChangeSet changeSet, ITracer tracer, IDisposable deployStep, IRepository repository, DeploymentInfoBase deploymentInfo, DeploymentAnalytics deploymentAnalytics, Boolean fullBuildByDefault, CancellationToken cancellationToken) in /tmp/KuduLite/Kudu.Core/Deployment/DeploymentManager.cs:line 771
   at Kudu.Core.Deployment.DeploymentManager.Build(ChangeSet changeSet, ITracer tracer, IDisposable deployStep, IRepository repository, DeploymentInfoBase deploymentInfo, DeploymentAnalytics deploymentAnalytics, Boolean fullBuildByDefault, CancellationToken cancellationToken) in /tmp/KuduLite/Kudu.Core/Deployment/DeploymentManager.cs:line 840
   at Kudu.Core.Deployment.DeploymentManager.DeployAsync(IRepository repository, ChangeSet changeSet, String deployer, Boolean clean, DeploymentInfoBase deploymentInfo, Boolean needFileUpdate, Boolean fullBuildByDefault) in /tmp/KuduLite/Kudu.Core/Deployment/DeploymentManager.cs:line 266" /><!-- duration: 3ms -->
        <step title="Marking deployment as failed and cleaning up the temp deployment" date="2025-11-30T04:47:19.057" /><!-- duration: 8ms -->
      </step><!-- duration: 699196ms -->
      <step title="Error occurred" date="2025-11-30T04:47:19.192" type="error" text="One or more errors occurred. (Deployment failed)" stackTrace="   at System.Threading.Tasks.Task.Wait(Int32 millisecondsTimeout, CancellationToken cancellationToken)
   at System.Threading.Tasks.Task.Wait()
   at Kudu.Core.Deployment.FetchDeploymentManager.&lt;&gt;c__DisplayClass22_1.&lt;PerformBackgroundDeployment&gt;b__3() in /tmp/KuduLite/Kudu.Core/Deployment/FetchDeploymentManager.cs:line 414
   at Kudu.Contracts.Infrastructure.LockExtensions.TryLockOperation(IOperationLock lockObj, Action operation, String operationName, TimeSpan timeout) in /tmp/KuduLite/Kudu.Contracts/Infrastructure/LockExtensions.cs:line 34
   at Kudu.Contracts.Infrastructure.LockExtensions.LockOperation(IOperationLock lockObj, Action operation, String operationName, TimeSpan timeout) in /tmp/KuduLite/Kudu.Contracts/Infrastructure/LockExtensions.cs:line 46
   at Kudu.Core.Deployment.FetchDeploymentManager.&lt;&gt;c__DisplayClass22_0.&lt;PerformBackgroundDeployment&gt;b__1() in /tmp/KuduLite/Kudu.Core/Deployment/FetchDeploymentManager.cs:line 393" innerText="Deployment failed" innerStackTrace="   at Kudu.Core.Deployment.DeploymentManager.DeployAsync(IRepository repository, ChangeSet changeSet, String deployer, Boolean clean, DeploymentInfoBase deploymentInfo, Boolean needFileUpdate, Boolean fullBuildByDefault) in /tmp/KuduLite/Kudu.Core/Deployment/DeploymentManager.cs:line 307
   at Kudu.Core.Deployment.FetchDeploymentManager.PerformDeployment(DeploymentInfoBase deploymentInfo, IDisposable tempDeployment, ChangeSet tempChangeSet, DeployStatusApiResult updateStatusObj) in /tmp/KuduLite/Kudu.Core/Deployment/FetchDeploymentManager.cs:line 230" /><!-- duration: 4ms -->
    </step><!-- duration: 699226ms -->
