<step title="Incoming Request" date="2025-11-30T06:44:33.106" instance="74bb0c" url="/deploy?scmType=GitHub" method="POST" type="request" pid="851,1,28" Accept="*/*" Host="african-text-to-speech-ehajh7daazdfhzft.scm.canadacentral-01.azurewebsites.net" User-Agent="GitHub-Hookshot/023f7b5" Authorization="Bas..." Content-Type="application/x-www-form-urlencoded" Content-Length="11075" X-GitHub-Delivery="06dd6110-cdb8-11f0-9ee9-b0b815dfc738" X-GitHub-Event="push" X-GitHub-Hook-ID="583694744" X-GitHub-Hook-Installation-Target-ID="1106764814" X-GitHub-Hook-Installation-Target-Type="repository" X-ARR-LOG-ID="63b021ea-dd77-48af-8a1c-7e012c832ce2" CLIENT-IP="140.82.115.12:30010" X-SITE-DEPLOYMENT-ID="african-text-to-speech" WAS-DEFAULT-HOSTNAME="african-text-to-speech-ehajh7daazdfhzft.scm.canadacentral-01.azurewebsites.net" X-Forwarded-Proto="https" X-AppService-Proto="https" X-Forwarded-TlsVersion="1.3" X-WAWS-Unencoded-URL="/deploy?scmType=GitHub" X-Client-IP="140.82.115.12" X-Client-Port="30010" >
  <step title="Cleanup Xml Logs" date="2025-11-30T06:44:33.108" /><!-- duration: 6ms -->
  <step title="FetchHandler" date="2025-11-30T06:44:33.120" >
    <step title="Executing external process" date="2025-11-30T06:44:33.128" type="process" path="git" arguments="rev-parse --git-dir" /><!-- duration: 16ms -->
    <step title="Executing external process" date="2025-11-30T06:44:33.148" type="process" path="git" arguments="rev-parse --git-dir" /><!-- duration: 7ms -->
    <step title="Executing external process" date="2025-11-30T06:44:33.158" type="process" path="git" arguments="log -n 1 master --" /><!-- duration: 39ms -->
    <step title="Start deployment in the background" date="2025-11-30T06:44:33.200" /><!-- duration: 7ms -->
>
    <step title="Executing external process" date="2025-11-30T06:44:33.209" type="process" path="git" arguments="rev-parse --git-dir"   <step title="Outgoing response" date="2025-11-30T06:44:33.214" type="response" statusCode="202" statusText="Accepted" /><!-- duration: 4ms -->

</step><!-- duration: 118ms -->
l process" date="2025-11-30T06:44:33.224" type="process" path="git" arguments="rev-parse --git-dir" </step><!-- duration: 11ms -->
