<step title="Incoming Request" date="2025-11-30T08:28:41.794" instance="74bb0c" url="/deploy?scmType=GitHub" method="POST" type="request" pid="768,1,5" Accept="*/*" Host="african-text-to-speech-ehajh7daazdfhzft.scm.canadacentral-01.azurewebsites.net" User-Agent="GitHub-Hookshot/023f7b5" Authorization="Bas..." Content-Type="application/x-www-form-urlencoded" Content-Length="11141" X-GitHub-Delivery="9381e7c2-cdc6-11f0-9338-8fded02bc6c4" X-GitHub-Event="push" X-GitHub-Hook-ID="583694744" X-GitHub-Hook-Installation-Target-ID="1106764814" X-GitHub-Hook-Installation-Target-Type="repository" X-ARR-LOG-ID="30b8ca68-9634-45bd-b086-7d90a786857c" CLIENT-IP="140.82.115.59:55520" X-SITE-DEPLOYMENT-ID="african-text-to-speech" WAS-DEFAULT-HOSTNAME="african-text-to-speech-ehajh7daazdfhzft.scm.canadacentral-01.azurewebsites.net" X-Forwarded-Proto="https" X-AppService-Proto="https" X-Forwarded-TlsVersion="1.3" X-WAWS-Unencoded-URL="/deploy?scmType=GitHub" X-Client-IP="140.82.115.59" X-Client-Port="55520" >
  <step title="Cleanup Xml Logs" date="2025-11-30T08:28:41.808" /><!-- duration: 16ms -->
  <step title="FetchHandler" date="2025-11-30T08:28:41.867" >
    <step title="Executing external process" date="2025-11-30T08:28:42.122" type="process" path="git" arguments="rev-parse --git-dir" /><!-- duration: 364ms -->
    <step title="Executing external process" date="2025-11-30T08:28:42.493" type="process" path="git" arguments="rev-parse --git-dir" /><!-- duration: 70ms -->
    <step title="Executing external process" date="2025-11-30T08:28:42.578" type="process" path="git" arguments="log -n 1 master --" /><!-- duration: 148ms -->
    <step title="Start deployment in the background" date="2025-11-30T08:28:42.743" /><!-- duration: 75ms -->
>
    <step title="Executing external process" date="2025-11-30T08:28:42.839" type="process" path="git" arguments="rev-parse --git-dir"   </step><!-- duration: 987ms -->
    <step title="Outgoing response" date="2025-11-30T08:28:42.886" type="response" statusCode="202" statusText="Accepted" /><!-- duration: 8ms -->
/><!-- duration: 60ms -->
</step><!-- duration: 1108ms -->
