<step title="Incoming Request" date="2025-11-30T04:35:36.789" instance="74bb0c" url="/deploy?scmType=GitHub&amp;isAsync=true" method="POST" type="request" pid="851,1,7" Host="african-text-to-speech-ehajh7daazdfhzft.scm.canadacentral-01.azurewebsites.net" User-Agent="Azure-WebSites-Controller/106.0.7.121" Authorization="Bas..." Expect="100-continue" Content-Length="84" x-ms-request-id="3bc2d95e-a319-463c-82d5-eee11ae17c8f" X-ARR-LOG-ID="3bc2d95e-a319-463c-82d5-eee11ae17c8f" CLIENT-IP="20.48.202.168:6721" X-SITE-DEPLOYMENT-ID="african-text-to-speech" WAS-DEFAULT-HOSTNAME="african-text-to-speech-ehajh7daazdfhzft.scm.canadacentral-01.azurewebsites.net" X-MS-PLATFORM-INTERNAL="True" X-Forwarded-Proto="https" X-AppService-Proto="https" X-Forwarded-TlsVersion="1.3" X-WAWS-Unencoded-URL="/deploy?scmType=GitHub&amp;isAsync=true" X-Client-IP="20.48.202.168" X-Client-Port="6721" >
  <step title="FetchHandler" date="2025-11-30T04:35:36.799" >
    <step title="GitExeRepository.Initialize" date="2025-11-30T04:35:36.822" >
      <step title="Executing external process" date="2025-11-30T04:35:36.852" type="process" path="git" arguments="init" /><!-- duration: 159ms -->
      <step title="Executing external process" date="2025-11-30T04:35:37.015" type="process" path="git" arguments="config core.autocrlf false" /><!-- duration: 15ms -->
      <step title="Executing external process" date="2025-11-30T04:35:37.033" type="process" path="git" arguments="config core.preloadindex true" /><!-- duration: 14ms -->
      <step title="Executing external process" date="2025-11-30T04:35:37.050" type="process" path="git" arguments="config user.name &quot;unknown&quot;" /><!-- duration: 14ms -->
      <step title="Executing external process" date="2025-11-30T04:35:37.068" type="process" path="git" arguments="config user.email &quot;unknown&quot;" /><!-- duration: 14ms -->
      <step title="Executing external process" date="2025-11-30T04:35:37.085" type="process" path="git" arguments="config filter.lfs.clean &quot;git-lfs clean %f&quot;" /><!-- duration: 14ms -->
      <step title="Executing external process" date="2025-11-30T04:35:37.104" type="process" path="git" arguments="config filter.lfs.smudge &quot;git-lfs smudge %f&quot;" /><!-- duration: 17ms -->
      <step title="Executing external process" date="2025-11-30T04:35:37.124" type="process" path="git" arguments="config filter.lfs.required true" /><!-- duration: 14ms -->
      <step title="Configure git server" date="2025-11-30T04:35:37.140" >
        <step title="Executing external process" date="2025-11-30T04:35:37.143" type="process" path="git" arguments="config receive.denyCurrentBranch ignore" /><!-- duration: 21ms -->
      </step><!-- duration: 28ms -->
      <step title="Create deny users for .git folder" date="2025-11-30T04:35:37.171" /><!-- duration: 46ms -->
      <step title="Configure git-credential" date="2025-11-30T04:35:37.219" >
        <step title="Executing external process" date="2025-11-30T04:35:37.245" type="process" path="git" arguments="config credential.helper &quot;!&apos;/home/site/repository/.git/hooks/git-credential-invalid.sh&apos;&quot;" /><!-- duration: 15ms -->
      </step><!-- duration: 44ms -->
      <step title="Setup post receive hook" date="2025-11-30T04:35:37.266" >
        <step title="Non-Windows enviroment, granting 755 permission to post-receive hook file" date="2025-11-30T04:35:37.282" /><!-- duration: 30ms -->
      </step><!-- duration: 49ms -->
    </step><!-- duration: 496ms -->
    <step title="Executing external process" date="2025-11-30T04:35:37.321" type="process" path="git" arguments="log -n 1 master --" >
      <step title="Process dump" date="2025-11-30T04:35:37.336" exitCode="128" type="processOutput" /><!-- duration: 3ms -->
    </step><!-- duration: 23ms -->
    <step title="Start deployment in the background" date="2025-11-30T04:35:37.348" >
      <step title="Executing external process" date="2025-11-30T04:35:37.360" type="process" path="git" arguments="rev-parse --git-dir" /><!-- duration: 15ms -->
      <step title="Executing external process" date="2025-11-30T04:35:37.379" type="process" path="git" arguments="rev-parse --git-dir" /><!-- duration: 10ms -->
      <step title="Executing external process" date="2025-11-30T04:35:37.391" type="process" path="git" arguments="log -n 1 master --" >
        <step title="Process dump" date="2025-11-30T04:35:37.403" exitCode="128" type="processOutput" /><!-- duration: 3ms -->
      </step><!-- duration: 17ms -->
      <step title="Acquiring Deployment Lock" date="2025-11-30T04:35:37.412" /><!-- duration: 3ms -->
      <step title="Acquired Deployment Lock" date="2025-11-30T04:35:37.448" /><!-- duration: 3ms -->
    </step><!-- duration: 162ms -->
  </step><!-- duration: 715ms -->
  <step title="Outgoing response" date="2025-11-30T04:35:37.518" type="response" statusCode="202" statusText="Accepted" /><!-- duration: 3ms -->
</step><!-- duration: 735ms -->
