<step title="Incoming Request" date="2025-11-30T05:26:18.714" instance="74bb0c" url="/deploy?scmType=GitHub" method="POST" type="request" pid="851,1,42" Accept="*/*" Host="african-text-to-speech-ehajh7daazdfhzft.scm.canadacentral-01.azurewebsites.net" User-Agent="GitHub-Hookshot/023f7b5" Authorization="Bas..." Content-Type="application/x-www-form-urlencoded" Content-Length="11413" X-GitHub-Delivery="18e61c36-cdad-11f0-8d32-b48fdb780609" X-GitHub-Event="push" X-GitHub-Hook-ID="583694744" X-GitHub-Hook-Installation-Target-ID="1106764814" X-GitHub-Hook-Installation-Target-Type="repository" X-ARR-LOG-ID="04581f65-7727-4162-aa2c-037dd8077b61" CLIENT-IP="140.82.115.8:55906" X-SITE-DEPLOYMENT-ID="african-text-to-speech" WAS-DEFAULT-HOSTNAME="african-text-to-speech-ehajh7daazdfhzft.scm.canadacentral-01.azurewebsites.net" X-Forwarded-Proto="https" X-AppService-Proto="https" X-Forwarded-TlsVersion="1.3" X-WAWS-Unencoded-URL="/deploy?scmType=GitHub" X-Client-IP="140.82.115.8" X-Client-Port="55906" >
  <step title="Cleanup Xml Logs" date="2025-11-30T05:26:18.717" /><!-- duration: 6ms -->
  <step title="FetchHandler" date="2025-11-30T05:26:18.730" >
    <step title="Executing external process" date="2025-11-30T05:26:18.745" type="process" path="git" arguments="rev-parse --git-dir" /><!-- duration: 19ms -->
    <step title="Executing external process" date="2025-11-30T05:26:18.768" type="process" path="git" arguments="rev-parse --git-dir" /><!-- duration: 8ms -->
    <step title="Executing external process" date="2025-11-30T05:26:18.778" type="process" path="git" arguments="log -n 1 master --" /><!-- duration: 37ms -->
    <step title="Start deployment in the background" date="2025-11-30T05:26:18.818" /><!-- duration: 6ms -->
ing external process" date="2025-11-30T05:26:18.825" type="process" path="git" arguments="rev-parse --git-dir"     </step><!-- duration: 5ms -->
  </step><!-- duration: 105ms -->
date="2025-11-30T05:26:18.835" type="response" statusCode="202" statusText="Accepted"   <step title="Executing external process" date="2025-11-30T05:26:18.840" type="process" path="git" arguments="rev-parse --git-dir" /><!-- duration: 8ms -->
  <step title="Executing external process" date="2025-11-30T05:26:18.851" type="process" path="git" arguments="log -n 1 master --" /><!-- duration: 4ms -->
  </step><!-- duration: 10ms -->
</step><!-- duration: 152ms -->
