<step title="Incoming Request" date="2025-11-30T06:36:04.582" instance="74bb0c" url="/deploy?scmType=GitHub" method="POST" type="request" pid="851,1,30" Accept="*/*" Host="african-text-to-speech-ehajh7daazdfhzft.scm.canadacentral-01.azurewebsites.net" User-Agent="GitHub-Hookshot/023f7b5" Authorization="Bas..." Content-Type="application/x-www-form-urlencoded" Content-Length="11079" X-GitHub-Delivery="d7fd31b4-cdb6-11f0-8f6b-98a3e8826d22" X-GitHub-Event="push" X-GitHub-Hook-ID="583694744" X-GitHub-Hook-Installation-Target-ID="1106764814" X-GitHub-Hook-Installation-Target-Type="repository" X-ARR-LOG-ID="b019fddc-9327-4b18-aff6-2b35ae26c852" CLIENT-IP="140.82.115.64:28896" X-SITE-DEPLOYMENT-ID="african-text-to-speech" WAS-DEFAULT-HOSTNAME="african-text-to-speech-ehajh7daazdfhzft.scm.canadacentral-01.azurewebsites.net" X-Forwarded-Proto="https" X-AppService-Proto="https" X-Forwarded-TlsVersion="1.3" X-WAWS-Unencoded-URL="/deploy?scmType=GitHub" X-Client-IP="140.82.115.64" X-Client-Port="28896" >
  <step title="Cleanup Xml Logs" date="2025-11-30T06:36:04.585" /><!-- duration: 6ms -->
  <step title="FetchHandler" date="2025-11-30T06:36:04.596" >
    <step title="Executing external process" date="2025-11-30T06:36:04.605" type="process" path="git" arguments="rev-parse --git-dir" /><!-- duration: 15ms -->
    <step title="Executing external process" date="2025-11-30T06:36:04.623" type="process" path="git" arguments="rev-parse --git-dir" /><!-- duration: 8ms -->
    <step title="Executing external process" date="2025-11-30T06:36:04.634" type="process" path="git" arguments="log -n 1 master --" /><!-- duration: 37ms -->
    <step title="Start deployment in the background" date="2025-11-30T06:36:04.674" /><!-- duration: 7ms -->
ing external process" date="2025-11-30T06:36:04.681" type="process" path="git" arguments="rev-parse --git-dir"     </step><!-- duration: 4ms -->
    <step title="Outgoing response" date="2025-11-30T06:36:04.690" type="response" statusCode="202" statusText="Accepted" /><!-- duration: 5ms -->
external process" date="2025-11-30T06:36:04.694" type="process" path="git" arguments="rev-parse --git-dir"   </step><!-- duration: 5ms -->
</step><!-- duration: 123ms -->
