<step title="Incoming Request" date="2025-11-30T07:15:05.446" instance="74bb0c" url="/deploy?scmType=GitHub" method="POST" type="request" pid="851,1,64" Accept="*/*" Host="african-text-to-speech-ehajh7daazdfhzft.scm.canadacentral-01.azurewebsites.net" User-Agent="GitHub-Hookshot/023f7b5" Authorization="Bas..." Content-Type="application/x-www-form-urlencoded" Content-Length="11873" X-GitHub-Delivery="4b46b726-cdbc-11f0-90fc-06c9c8826599" X-GitHub-Event="push" X-GitHub-Hook-ID="583694744" X-GitHub-Hook-Installation-Target-ID="1106764814" X-GitHub-Hook-Installation-Target-Type="repository" X-ARR-LOG-ID="2e67a132-beb4-4b8c-8194-2d4ada153604" CLIENT-IP="140.82.115.11:32058" X-SITE-DEPLOYMENT-ID="african-text-to-speech" WAS-DEFAULT-HOSTNAME="african-text-to-speech-ehajh7daazdfhzft.scm.canadacentral-01.azurewebsites.net" X-Forwarded-Proto="https" X-AppService-Proto="https" X-Forwarded-TlsVersion="1.3" X-WAWS-Unencoded-URL="/deploy?scmType=GitHub" X-Client-IP="140.82.115.11" X-Client-Port="32058" >
  <step title="Cleanup Xml Logs" date="2025-11-30T07:15:05.448" /><!-- duration: 6ms -->
  <step title="FetchHandler" date="2025-11-30T07:15:05.460" >
    <step title="Executing external process" date="2025-11-30T07:15:05.469" type="process" path="git" arguments="rev-parse --git-dir" /><!-- duration: 18ms -->
    <step title="Executing external process" date="2025-11-30T07:15:05.506" type="process" path="git" arguments="rev-parse --git-dir" /><!-- duration: 10ms -->
    <step title="Executing external process" date="2025-11-30T07:15:05.519" type="process" path="git" arguments="log -n 1 master --" /><!-- duration: 37ms -->
    <step title="Start deployment in the background" date="2025-11-30T07:15:05.559" >
    <step title="Executing external process" date="2025-11-30T07:15:05.575" type="process" path="git" arguments="rev-parse --git-dir"   </step><!-- duration: 118ms -->
    <step title="Outgoing response" date="2025-11-30T07:15:05.582" type="response" statusCode="202" statusText="Accepted" /><!-- duration: 6ms -->
</step><!-- duration: 145ms -->
  </step><!-- duration: 11ms -->
