<step title="Incoming Request" date="2025-11-30T08:08:43.297" instance="74bb0c" url="/deploy?scmType=GitHub" method="POST" type="request" pid="768,1,27" Accept="*/*" Host="african-text-to-speech-ehajh7daazdfhzft.scm.canadacentral-01.azurewebsites.net" User-Agent="GitHub-Hookshot/023f7b5" Authorization="Bas..." Content-Type="application/x-www-form-urlencoded" Content-Length="11097" X-GitHub-Delivery="c92b7daa-cdc3-11f0-9515-342221e70291" X-GitHub-Event="push" X-GitHub-Hook-ID="583694744" X-GitHub-Hook-Installation-Target-ID="1106764814" X-GitHub-Hook-Installation-Target-Type="repository" X-ARR-LOG-ID="98cd917e-c46b-4de6-8c7f-60d04dfb6c90" CLIENT-IP="140.82.115.58:62268" X-SITE-DEPLOYMENT-ID="african-text-to-speech" WAS-DEFAULT-HOSTNAME="african-text-to-speech-ehajh7daazdfhzft.scm.canadacentral-01.azurewebsites.net" X-Forwarded-Proto="https" X-AppService-Proto="https" X-Forwarded-TlsVersion="1.3" X-WAWS-Unencoded-URL="/deploy?scmType=GitHub" X-Client-IP="140.82.115.58" X-Client-Port="62268" >
  <step title="Cleanup Xml Logs" date="2025-11-30T08:08:43.300" /><!-- duration: 5ms -->
  <step title="FetchHandler" date="2025-11-30T08:08:43.312" >
    <step title="Executing external process" date="2025-11-30T08:08:43.330" type="process" path="git" arguments="rev-parse --git-dir" /><!-- duration: 26ms -->
    <step title="Executing external process" date="2025-11-30T08:08:43.374" type="process" path="git" arguments="rev-parse --git-dir" /><!-- duration: 8ms -->
    <step title="Executing external process" date="2025-11-30T08:08:43.384" type="process" path="git" arguments="log -n 1 master --" /><!-- duration: 32ms -->
    <step title="Start deployment in the background" date="2025-11-30T08:08:43.420" >
    <step title="Executing external process" date="2025-11-30T08:08:43.428" type="process" path="git" arguments="rev-parse --git-dir" /><!-- duration: 11ms -->
  <step title="Executing external process" date="2025-11-30T08:08:43.443" type="process" path="git" arguments="rev-parse --git-dir"   </step><!-- duration: 118ms -->
  <step title="Outgoing response" date="2025-11-30T08:08:43.452" type="response" statusCode="202" statusText="Accepted" /><!-- duration: 2ms -->
</step><!-- duration: 159ms -->
