<step title="Incoming Request" date="2025-11-30T06:12:28.947" instance="74bb0c" url="/deploy?scmType=GitHub" method="POST" type="request" pid="851,1,51" Accept="*/*" Host="african-text-to-speech-ehajh7daazdfhzft.scm.canadacentral-01.azurewebsites.net" User-Agent="GitHub-Hookshot/023f7b5" Authorization="Bas..." Content-Type="application/x-www-form-urlencoded" Content-Length="11047" X-GitHub-Delivery="8c279b1a-cdb3-11f0-8a7e-249d9ceb4e6d" X-GitHub-Event="push" X-GitHub-Hook-ID="583694744" X-GitHub-Hook-Installation-Target-ID="1106764814" X-GitHub-Hook-Installation-Target-Type="repository" X-ARR-LOG-ID="adbcd305-6311-4df3-8de6-a91c05a39965" CLIENT-IP="140.82.115.75:59802" X-SITE-DEPLOYMENT-ID="african-text-to-speech" WAS-DEFAULT-HOSTNAME="african-text-to-speech-ehajh7daazdfhzft.scm.canadacentral-01.azurewebsites.net" X-Forwarded-Proto="https" X-AppService-Proto="https" X-Forwarded-TlsVersion="1.3" X-WAWS-Unencoded-URL="/deploy?scmType=GitHub" X-Client-IP="140.82.115.75" X-Client-Port="59802" >
  <step title="Cleanup Xml Logs" date="2025-11-30T06:12:28.949" /><!-- duration: 6ms -->
  <step title="FetchHandler" date="2025-11-30T06:12:28.962" >
    <step title="Executing external process" date="2025-11-30T06:12:28.976" type="process" path="git" arguments="rev-parse --git-dir" /><!-- duration: 21ms -->
    <step title="Executing external process" date="2025-11-30T06:12:29.002" type="process" path="git" arguments="rev-parse --git-dir" /><!-- duration: 15ms -->
    <step title="Executing external process" date="2025-11-30T06:12:29.020" type="process" path="git" arguments="log -n 1 master --" /><!-- duration: 50ms -->
    <step title="Start deployment in the background" date="2025-11-30T06:12:29.073" /><!-- duration: 5ms -->
ing external process" date="2025-11-30T06:12:29.079" type="process" path="git" arguments="rev-parse --git-dir"     </step><!-- duration: 7ms -->
  </step><!-- duration: 130ms -->
date="2025-11-30T06:12:29.091" type="response" statusCode="202" statusText="Accepted"   <step title="Executing external process" date="2025-11-30T06:12:29.100" type="process" path="git" arguments="rev-parse --git-dir" /><!-- duration: 14ms -->
  <step title="Executing external process" date="2025-11-30T06:12:29.117" type="process" path="git" arguments="log -n 1 master --" /><!-- duration: 7ms -->
  </step><!-- duration: 12ms -->
</step><!-- duration: 189ms -->
