<step title="Incoming Request" date="2025-11-30T05:36:02.344" instance="74bb0c" url="/deploy?scmType=GitHub" method="POST" type="request" pid="851,1,49" Accept="*/*" Host="african-text-to-speech-ehajh7daazdfhzft.scm.canadacentral-01.azurewebsites.net" User-Agent="GitHub-Hookshot/023f7b5" Authorization="Bas..." Content-Type="application/x-www-form-urlencoded" Content-Length="11155" X-GitHub-Delivery="74e2317c-cdae-11f0-93a6-8807d17e9d19" X-GitHub-Event="push" X-GitHub-Hook-ID="583694744" X-GitHub-Hook-Installation-Target-ID="1106764814" X-GitHub-Hook-Installation-Target-Type="repository" X-ARR-LOG-ID="12488683-7bb5-4268-8e4a-f2831eca95ed" CLIENT-IP="140.82.115.77:38522" X-SITE-DEPLOYMENT-ID="african-text-to-speech" WAS-DEFAULT-HOSTNAME="african-text-to-speech-ehajh7daazdfhzft.scm.canadacentral-01.azurewebsites.net" X-Forwarded-Proto="https" X-AppService-Proto="https" X-Forwarded-TlsVersion="1.3" X-WAWS-Unencoded-URL="/deploy?scmType=GitHub" X-Client-IP="140.82.115.77" X-Client-Port="38522" >
  <step title="Cleanup Xml Logs" date="2025-11-30T05:36:02.346" /><!-- duration: 6ms -->
  <step title="FetchHandler" date="2025-11-30T05:36:02.358" >
    <step title="Executing external process" date="2025-11-30T05:36:02.370" type="process" path="git" arguments="rev-parse --git-dir" /><!-- duration: 23ms -->
    <step title="Executing external process" date="2025-11-30T05:36:02.396" type="process" path="git" arguments="rev-parse --git-dir" /><!-- duration: 7ms -->
    <step title="Executing external process" date="2025-11-30T05:36:02.406" type="process" path="git" arguments="log -n 1 master --" /><!-- duration: 34ms -->
    <step title="Start deployment in the background" date="2025-11-30T05:36:02.444" /><!-- duration: 14ms -->
ng external process" date="2025-11-30T05:36:02.458" type="process" path="git" arguments="rev-parse --git-dir"     </step><!-- duration: 4ms -->
    <step title="Outgoing response" date="2025-11-30T05:36:02.468" type="response" statusCode="202" statusText="Accepted"   <step title="Executing external process" date="2025-11-30T05:36:02.472" type="process" path="git" arguments="rev-parse --git-dir" /><!-- duration: 9ms -->
  <step title="Executing external process" date="2025-11-30T05:36:02.484" type="process" path="git" arguments="log -n 1 master --" /><!-- duration: 5ms -->
</step><!-- duration: 158ms -->
/><!-- duration: 12ms -->
