<step title="Incoming Request" date="2025-11-30T07:28:02.488" instance="74bb0c" url="/deploy?scmType=GitHub" method="POST" type="request" pid="851,1,19" Accept="*/*" Host="african-text-to-speech-ehajh7daazdfhzft.scm.canadacentral-01.azurewebsites.net" User-Agent="GitHub-Hookshot/023f7b5" Authorization="Bas..." Content-Type="application/x-www-form-urlencoded" Content-Length="11083" X-GitHub-Delivery="1a6c2940-cdbe-11f0-8e44-8f93857d404c" X-GitHub-Event="push" X-GitHub-Hook-ID="583694744" X-GitHub-Hook-Installation-Target-ID="1106764814" X-GitHub-Hook-Installation-Target-Type="repository" X-ARR-LOG-ID="0df67243-26d3-46d6-ad91-80ff261887bd" CLIENT-IP="140.82.115.8:59906" X-SITE-DEPLOYMENT-ID="african-text-to-speech" WAS-DEFAULT-HOSTNAME="african-text-to-speech-ehajh7daazdfhzft.scm.canadacentral-01.azurewebsites.net" X-Forwarded-Proto="https" X-AppService-Proto="https" X-Forwarded-TlsVersion="1.3" X-WAWS-Unencoded-URL="/deploy?scmType=GitHub" X-Client-IP="140.82.115.8" X-Client-Port="59906" >
  <step title="Cleanup Xml Logs" date="2025-11-30T07:28:02.490" /><!-- duration: 6ms -->
  <step title="FetchHandler" date="2025-11-30T07:28:02.503" >
    <step title="Executing external process" date="2025-11-30T07:28:02.513" type="process" path="git" arguments="rev-parse --git-dir" /><!-- duration: 16ms -->
    <step title="Executing external process" date="2025-11-30T07:28:02.532" type="process" path="git" arguments="rev-parse --git-dir" /><!-- duration: 8ms -->
    <step title="Executing external process" date="2025-11-30T07:28:02.543" type="process" path="git" arguments="log -n 1 master --" /><!-- duration: 37ms -->
    <step title="Start deployment in the background" date="2025-11-30T07:28:02.583" /><!-- duration: 7ms -->
ing external process" date="2025-11-30T07:28:02.591" type="process" path="git" arguments="rev-parse --git-dir"     </step><!-- duration: 4ms -->
  </step><!-- duration: 99ms -->
e" date="2025-11-30T07:28:02.600" type="response" statusCode="202" statusText="Accepted"   <step title="Executing external process" date="2025-11-30T07:28:02.606" type="process" path="git" arguments="rev-parse --git-dir" </step><!-- duration: 122ms -->
</step><!-- duration: 15ms -->
