<step title="Incoming Request" date="2025-11-30T06:53:29.447" instance="74bb0c" url="/deploy?scmType=GitHub" method="POST" type="request" pid="851,1,38" Accept="*/*" Host="african-text-to-speech-ehajh7daazdfhzft.scm.canadacentral-01.azurewebsites.net" User-Agent="GitHub-Hookshot/023f7b5" Authorization="Bas..." Content-Type="application/x-www-form-urlencoded" Content-Length="11107" X-GitHub-Delivery="46afff2c-cdb9-11f0-94b2-f5d709f281c7" X-GitHub-Event="push" X-GitHub-Hook-ID="583694744" X-GitHub-Hook-Installation-Target-ID="1106764814" X-GitHub-Hook-Installation-Target-Type="repository" X-ARR-LOG-ID="a577e534-e3e3-46db-86ea-bb9e3ab51ead" CLIENT-IP="140.82.115.79:49152" X-SITE-DEPLOYMENT-ID="african-text-to-speech" WAS-DEFAULT-HOSTNAME="african-text-to-speech-ehajh7daazdfhzft.scm.canadacentral-01.azurewebsites.net" X-Forwarded-Proto="https" X-AppService-Proto="https" X-Forwarded-TlsVersion="1.3" X-WAWS-Unencoded-URL="/deploy?scmType=GitHub" X-Client-IP="140.82.115.79" X-Client-Port="49152" >
  <step title="Cleanup Xml Logs" date="2025-11-30T06:53:29.452" /><!-- duration: 6ms -->
  <step title="FetchHandler" date="2025-11-30T06:53:29.464" >
    <step title="Executing external process" date="2025-11-30T06:53:29.472" type="process" path="git" arguments="rev-parse --git-dir" /><!-- duration: 17ms -->
    <step title="Executing external process" date="2025-11-30T06:53:29.492" type="process" path="git" arguments="rev-parse --git-dir" /><!-- duration: 8ms -->
    <step title="Executing external process" date="2025-11-30T06:53:29.503" type="process" path="git" arguments="log -n 1 master --" /><!-- duration: 36ms -->
    <step title="Start deployment in the background" date="2025-11-30T06:53:29.542" /><!-- duration: 5ms -->
  </step><!-- duration: 87ms -->
  <step title="Outgoing response" date="2025-11-30T06:53:29.553" type="response" statusCode="202" statusText="Accepted" /><!-- duration: 3ms -->
</step><!-- duration: 111ms -->
>
    <step title="Executing external process" date="2025-11-30T06:53:29.549" type="process" path="git" arguments="rev-parse --git-dir" 