<step title="Incoming Request" date="2025-11-30T05:52:26.530" instance="74bb0c" url="/deploy?scmType=GitHub" method="POST" type="request" pid="851,1,68" Accept="*/*" Host="african-text-to-speech-ehajh7daazdfhzft.scm.canadacentral-01.azurewebsites.net" User-Agent="GitHub-Hookshot/023f7b5" Authorization="Bas..." Content-Type="application/x-www-form-urlencoded" Content-Length="11135" X-GitHub-Delivery="bf633406-cdb0-11f0-81f4-9badd9d1555a" X-GitHub-Event="push" X-GitHub-Hook-ID="583694744" X-GitHub-Hook-Installation-Target-ID="1106764814" X-GitHub-Hook-Installation-Target-Type="repository" X-ARR-LOG-ID="948570a2-fedf-4e3c-b0ad-8f8af8dd560a" CLIENT-IP="140.82.115.40:28478" X-SITE-DEPLOYMENT-ID="african-text-to-speech" WAS-DEFAULT-HOSTNAME="african-text-to-speech-ehajh7daazdfhzft.scm.canadacentral-01.azurewebsites.net" X-Forwarded-Proto="https" X-AppService-Proto="https" X-Forwarded-TlsVersion="1.3" X-WAWS-Unencoded-URL="/deploy?scmType=GitHub" X-Client-IP="140.82.115.40" X-Client-Port="28478" >
  <step title="Cleanup Xml Logs" date="2025-11-30T05:52:26.532" /><!-- duration: 6ms -->
  <step title="FetchHandler" date="2025-11-30T05:52:26.547" >
    <step title="Executing external process" date="2025-11-30T05:52:26.556" type="process" path="git" arguments="rev-parse --git-dir" /><!-- duration: 18ms -->
    <step title="Executing external process" date="2025-11-30T05:52:26.577" type="process" path="git" arguments="rev-parse --git-dir" /><!-- duration: 11ms -->
    <step title="Executing external process" date="2025-11-30T05:52:26.592" type="process" path="git" arguments="log -n 1 master --" /><!-- duration: 38ms -->
    <step title="Start deployment in the background" date="2025-11-30T05:52:26.634" /><!-- duration: 10ms -->
ng external process" date="2025-11-30T05:52:26.644" type="process" path="git" arguments="rev-parse --git-dir"     </step><!-- duration: 5ms -->
  <step title="Outgoing response" date="2025-11-30T05:52:26.660" type="response" statusCode="202" statusText="Accepted" /><!-- duration: 3ms -->
</step><!-- duration: 136ms -->
  </step><!-- duration: 112ms -->
