<step title="Incoming Request" date="2025-11-30T05:50:09.449" instance="74bb0c" url="/deploy?scmType=GitHub" method="POST" type="request" pid="851,1,72" Accept="*/*" Host="african-text-to-speech-ehajh7daazdfhzft.scm.canadacentral-01.azurewebsites.net" User-Agent="GitHub-Hookshot/023f7b5" Authorization="Bas..." Content-Type="application/x-www-form-urlencoded" Content-Length="11143" X-GitHub-Delivery="6dc523b6-cdb0-11f0-8b5f-4fe124931d40" X-GitHub-Event="push" X-GitHub-Hook-ID="583694744" X-GitHub-Hook-Installation-Target-ID="1106764814" X-GitHub-Hook-Installation-Target-Type="repository" X-ARR-LOG-ID="19286ea2-6176-407f-9707-3dfd5293df90" CLIENT-IP="140.82.115.248:65246" X-SITE-DEPLOYMENT-ID="african-text-to-speech" WAS-DEFAULT-HOSTNAME="african-text-to-speech-ehajh7daazdfhzft.scm.canadacentral-01.azurewebsites.net" X-Forwarded-Proto="https" X-AppService-Proto="https" X-Forwarded-TlsVersion="1.3" X-WAWS-Unencoded-URL="/deploy?scmType=GitHub" X-Client-IP="140.82.115.248" X-Client-Port="65246" >
  <step title="Cleanup Xml Logs" date="2025-11-30T05:50:09.451" /><!-- duration: 6ms -->
  <step title="FetchHandler" date="2025-11-30T05:50:09.462" >
    <step title="Executing external process" date="2025-11-30T05:50:09.471" type="process" path="git" arguments="rev-parse --git-dir" /><!-- duration: 16ms -->
    <step title="Executing external process" date="2025-11-30T05:50:09.490" type="process" path="git" arguments="rev-parse --git-dir" /><!-- duration: 7ms -->
    <step title="Executing external process" date="2025-11-30T05:50:09.500" type="process" path="git" arguments="log -n 1 master --" /><!-- duration: 36ms -->
    <step title="Start deployment in the background" date="2025-11-30T05:50:09.539" /><!-- duration: 8ms -->
ing external process" date="2025-11-30T05:50:09.547" type="process" path="git" arguments="rev-parse --git-dir"     </step><!-- duration: 4ms -->
    <step title="Outgoing response" date="2025-11-30T05:50:09.559" type="response" statusCode="202" statusText="Accepted"   <step title="Executing external process" date="2025-11-30T05:50:09.563" type="process" path="git" arguments="rev-parse --git-dir" /><!-- duration: 4ms -->
</step><!-- duration: 127ms -->
