<step title="Incoming Request" date="2025-11-30T06:39:36.014" instance="74bb0c" url="/deploy?scmType=GitHub" method="POST" type="request" pid="851,1,24" Accept="*/*" Host="african-text-to-speech-ehajh7daazdfhzft.scm.canadacentral-01.azurewebsites.net" User-Agent="GitHub-Hookshot/023f7b5" Authorization="Bas..." Content-Type="application/x-www-form-urlencoded" Content-Length="11065" X-GitHub-Delivery="55fb1072-cdb7-11f0-9cc2-7ad57366dab2" X-GitHub-Event="push" X-GitHub-Hook-ID="583694744" X-GitHub-Hook-Installation-Target-ID="1106764814" X-GitHub-Hook-Installation-Target-Type="repository" X-ARR-LOG-ID="4f7b0587-3de6-4a8d-8940-b2abaf517ac1" CLIENT-IP="140.82.115.75:44766" X-SITE-DEPLOYMENT-ID="african-text-to-speech" WAS-DEFAULT-HOSTNAME="african-text-to-speech-ehajh7daazdfhzft.scm.canadacentral-01.azurewebsites.net" X-Forwarded-Proto="https" X-AppService-Proto="https" X-Forwarded-TlsVersion="1.3" X-WAWS-Unencoded-URL="/deploy?scmType=GitHub" X-Client-IP="140.82.115.75" X-Client-Port="44766" >
  <step title="Cleanup Xml Logs" date="2025-11-30T06:39:36.017" /><!-- duration: 6ms -->
  <step title="FetchHandler" date="2025-11-30T06:39:36.032" >
    <step title="Executing external process" date="2025-11-30T06:39:36.041" type="process" path="git" arguments="rev-parse --git-dir" /><!-- duration: 17ms -->
    <step title="Executing external process" date="2025-11-30T06:39:36.062" type="process" path="git" arguments="rev-parse --git-dir" /><!-- duration: 8ms -->
    <step title="Executing external process" date="2025-11-30T06:39:36.072" type="process" path="git" arguments="log -n 1 master --" /><!-- duration: 35ms -->
    <step title="Start deployment in the background" date="2025-11-30T06:39:36.110" /><!-- duration: 6ms -->
ing external process" date="2025-11-30T06:39:36.116" type="process" path="git" arguments="rev-parse --git-dir"     </step><!-- duration: 4ms -->
    <step title="Outgoing response" date="2025-11-30T06:39:36.125" type="response" statusCode="202" statusText="Accepted" /><!-- duration: 5ms -->
external process" date="2025-11-30T06:39:36.130" type="process" path="git" arguments="rev-parse --git-dir" </step><!-- duration: 127ms -->
