<step title="Incoming Request" date="2025-11-30T05:31:44.442" instance="74bb0c" url="/deploy?scmType=GitHub" method="POST" type="request" pid="851,1,47" Accept="*/*" Host="african-text-to-speech-ehajh7daazdfhzft.scm.canadacentral-01.azurewebsites.net" User-Agent="GitHub-Hookshot/023f7b5" Authorization="Bas..." Content-Type="application/x-www-form-urlencoded" Content-Length="11179" X-GitHub-Delivery="db269c8a-cdad-11f0-82eb-85db68aa989e" X-GitHub-Event="push" X-GitHub-Hook-ID="583694744" X-GitHub-Hook-Installation-Target-ID="1106764814" X-GitHub-Hook-Installation-Target-Type="repository" X-ARR-LOG-ID="336126b4-64d3-47d5-b461-f926f13ff4d5" CLIENT-IP="140.82.115.98:21802" X-SITE-DEPLOYMENT-ID="african-text-to-speech" WAS-DEFAULT-HOSTNAME="african-text-to-speech-ehajh7daazdfhzft.scm.canadacentral-01.azurewebsites.net" X-Forwarded-Proto="https" X-AppService-Proto="https" X-Forwarded-TlsVersion="1.3" X-WAWS-Unencoded-URL="/deploy?scmType=GitHub" X-Client-IP="140.82.115.98" X-Client-Port="21802" >
  <step title="Cleanup Xml Logs" date="2025-11-30T05:31:44.445" /><!-- duration: 6ms -->
  <step title="FetchHandler" date="2025-11-30T05:31:44.464" >
    <step title="Executing external process" date="2025-11-30T05:31:44.475" type="process" path="git" arguments="rev-parse --git-dir" /><!-- duration: 17ms -->
    <step title="Executing external process" date="2025-11-30T05:31:44.495" type="process" path="git" arguments="rev-parse --git-dir" /><!-- duration: 8ms -->
    <step title="Executing external process" date="2025-11-30T05:31:44.506" type="process" path="git" arguments="log -n 1 master --" /><!-- duration: 38ms -->
    <step title="Start deployment in the background" date="2025-11-30T05:31:44.548" /><!-- duration: 7ms -->
ing external process" date="2025-11-30T05:31:44.555" type="process" path="git" arguments="rev-parse --git-dir"     </step><!-- duration: 4ms -->
  </step><!-- duration: 102ms -->
" date="2025-11-30T05:31:44.564" type="response" statusCode="202" statusText="Accepted"   <step title="Executing external process" date="2025-11-30T05:31:44.572" type="process" path="git" arguments="rev-parse --git-dir" /><!-- duration: 9ms -->
  <step title="Executing external process" date="2025-11-30T05:31:44.584" type="process" path="git" arguments="log -n 1 master --" /><!-- duration: 5ms -->
  </step><!-- duration: 7ms -->
</step><!-- duration: 158ms -->
