﻿<?xml version="1.0" encoding="utf-8"?>
<deployment>
  <id>16c2a6cf9abcb39fb1877dc68d4047928cd14c0e</id>
  <author>Tchamna</author>
  <deployer>GitHub</deployer>
  <authorEmail>tchamna@gmail.com</authorEmail>
  <message>Initial Commit</message>
  <progress></progress>
  <status>Failed</status>
  <statusText></statusText>
  <lastSuccessEndTime />
  <receivedTime>2025-11-30T04:35:40.0391093Z</receivedTime>
  <startTime>2025-11-30T04:35:41.3220265Z</startTime>
  <endTime>2025-11-30T04:47:18.0215371Z</endTime>
  <complete>True</complete>
  <is_temp>False</is_temp>
  <is_readonly>False</is_readonly>
  <buildSummary>
    <error>
      <message>[04:35:55+0000] Collecting Flask==3.0.0 (from -r requirements.txt (line 1))
[04:35:55+0000]   Downloading flask-3.0.0-py3-none-any.whl.metadata (3.6 kB)
[04:35:55+0000] Collecting pandas==2.1.3 (from -r requirements.txt (line 2))
[04:35:59+0000]   Downloading pandas-2.1.3.tar.gz (4.3 MB)
[04:35:59+0000]      ━━━━━━━━━━━━━━━━━━━━━━━━━━━━━━━━━━━━━━━━ 4.3/4.3 MB 40.0 MB/s  0:00:00
[04:35:59+0000]   Installing build dependencies: started
[04:37:19+0000]   Installing build dependencies: still running...
[04:38:19+0000]   Installing build dependencies: still running...
[04:39:24+0000]   Installing build dependencies: still running...
[04:40:26+0000]   Installing build dependencies: still running...
[04:41:26+0000]   Installing build dependencies: still running...
[04:42:32+0000]   Installing build dependencies: still running...
[04:43:32+0000]   Installing build dependencies: still running...
[04:44:40+0000]   Installing build dependencies: still running...
[04:45:17+0000]   Installing build dependencies: finished with status 'done'
[04:45:17+0000]   Getting requirements to build wheel: started
[04:45:17+0000]   Getting requirements to build wheel: finished with status 'done'
[04:45:17+0000]   Installing backend dependencies: started
[04:45:18+0000]   Installing backend dependencies: finished with status 'done'
[04:45:18+0000]   Preparing metadata (pyproject.toml): started
[04:46:19+0000]   Preparing metadata (pyproject.toml): still running...
[04:47:13+0000]   Preparing metadata (pyproject.toml): finished with status 'error'
  error: subprocess-exited-with-error
  
   Preparing metadata (pyproject.toml) did not run successfully.
  │ exit code: 1
  ╰─&gt; [104 lines of output]
      + meson setup /tmp/pip-install-u4b49k81/pandas_cfc0c94336164cbbbae19891b443f2bd /tmp/pip-install-u4b49k81/pandas_cfc0c94336164cbbbae19891b443f2bd/.mesonpy-lhy9v3at/build -Dbuildtype=release -Db_ndebug=if-release -Db_vscrt=md --vsenv --native-file=/tmp/pip-install-u4b49k81/pandas_cfc0c94336164cbbbae19891b443f2bd/.mesonpy-lhy9v3at/build/meson-python-native-file.ini
      The Meson build system
      Version: 1.2.1
      Source dir: /tmp/pip-install-u4b49k81/pandas_cfc0c94336164cbbbae19891b443f2bd
      Build dir: /tmp/pip-install-u4b49k81/pandas_cfc0c94336164cbbbae19891b443f2bd/.mesonpy-lhy9v3at/build
      Build type: native build
      Project name: pandas
      Project version: 2.1.3
      C compiler for the host machine: cc (gcc 13.3.0 "cc (Ubuntu 13.3.0-6ubuntu2~24.04) 13.3.0")
      C linker for the host machine: cc ld.bfd 2.42
      C++ compiler for the host machine: c++ (gcc 13.3.0 "c++ (Ubuntu 13.3.0-6ubuntu2~24.04) 13.3.0")
      C++ linker for the host machine: c++ ld.bfd 2.42
      Cython compiler for the host machine: cython (cython 0.29.37)
      Host machine cpu family: x86_64
      Host machine cpu: x86_64
      Program python found: YES (/tmp/8de2fc9eb3245a0/antenv/bin/python)
      Found pkg-config: /usr/bin/pkg-config (1.8.1)
      Run-time dependency python found: YES 3.14
      Build targets in project: 53
      
      pandas 2.1.3
      
        User defined options
          Native files: /tmp/pip-install-u4b49k81/pandas_cfc0c94336164cbbbae19891b443f2bd/.mesonpy-lhy9v3at/build/meson-python-native-file.ini
          buildtype   : release
          vsenv       : True
          b_ndebug    : if-release
          b_vscrt     : md
      
      Found ninja-1.13.0.git.kitware.jobserver-pipe-1 at /tmp/pip-build-env-biste6jf/normal/bin/ninja
      
      Visual Studio environment is needed to run Ninja. It is recommended to use Meson wrapper:
      /tmp/pip-build-env-biste6jf/overlay/bin/meson compile -C .
      + /tmp/pip-build-env-biste6jf/normal/bin/ninja
      [1/151] Generating pandas/_libs/algos_take_helper_pxi with a custom command
      [2/151] Generating pandas/_libs/khash_primitive_helper_pxi with a custom command
      [3/151] Generating pandas/_libs/algos_common_helper_pxi with a custom command
      [4/151] Generating pandas/_libs/hashtable_class_helper_pxi with a custom command
      [5/151] Generating pandas/_libs/hashtable_func_helper_pxi with a custom command
      [6/151] Generating pandas/_libs/index_class_helper_pxi with a custom command
      [7/151] Generating pandas/_libs/sparse_op_helper_pxi with a custom command
      [8/151] Generating pandas/_libs/intervaltree_helper_pxi with a custom command
      [9/151] Compiling Cython source /tmp/pip-install-u4b49k81/pandas_cfc0c94336164cbbbae19891b443f2bd/pandas/_libs/tslibs/base.pyx
      [10/151] Compiling Cython source /tmp/pip-install-u4b49k81/pandas_cfc0c94336164cbbbae19891b443f2bd/pandas/_libs/tslibs/dtypes.pyx
      [11/151] Compiling Cython source /tmp/pip-install-u4b49k81/pandas_cfc0c94336164cbbbae19891b443f2bd/pandas/_libs/tslibs/ccalendar.pyx
      [12/151] Compiling Cython source /tmp/pip-install-u4b49k81/pandas_cfc0c94336164cbbbae19891b443f2bd/pandas/_libs/tslibs/nattype.pyx
      [13/151] Compiling Cython source /tmp/pip-install-u4b49k81/pandas_cfc0c94336164cbbbae19891b443f2bd/pandas/_libs/tslibs/conversion.pyx
      [14/151] Compiling Cython source /tmp/pip-install-u4b49k81/pandas_cfc0c94336164cbbbae19891b443f2bd/pandas/_libs/tslibs/np_datetime.pyx
      [15/151] Compiling Cython source /tmp/pip-install-u4b49k81/pandas_cfc0c94336164cbbbae19891b443f2bd/pandas/_libs/tslibs/fields.pyx
      [16/151] Compiling Cython source /tmp/pip-install-u4b49k81/pandas_cfc0c94336164cbbbae19891b443f2bd/pandas/_libs/tslibs/offsets.pyx
      [17/151] Compiling Cython source /tmp/pip-install-u4b49k81/pandas_cfc0c94336164cbbbae19891b443f2bd/pandas/_libs/tslibs/parsing.pyx
      [18/151] Compiling Cython source /tmp/pip-install-u4b49k81/pandas_cfc0c94336164cbbbae19891b443f2bd/pandas/_libs/tslibs/period.pyx
      [19/151] Compiling Cython source /tmp/pip-install-u4b49k81/pandas_cfc0c94336164cbbbae19891b443f2bd/pandas/_libs/tslibs/strptime.pyx
      [20/151] Compiling Cython source /tmp/pip-install-u4b49k81/pandas_cfc0c94336164cbbbae19891b443f2bd/pandas/_libs/tslibs/timedeltas.pyx
      [21/151] Compiling Cython source /tmp/pip-install-u4b49k81/pandas_cfc0c94336164cbbbae19891b443f2bd/pandas/_libs/tslibs/timezones.pyx
      [22/151] Compiling Cython source /tmp/pip-install-u4b49k81/pandas_cfc0c94336164cbbbae19891b443f2bd/pandas/_libs/tslibs/timestamps.pyx
      [23/151] Compiling Cython source /tmp/pip-install-u4b49k81/pandas_cfc0c94336164cbbbae19891b443f2bd/pandas/_libs/tslibs/tzconversion.pyx
      [24/151] Compiling Cython source /tmp/pip-install-u4b49k81/pandas_cfc0c94336164cbbbae19891b443f2bd/pandas/_libs/arrays.pyx
      [25/151] Compiling Cython source /tmp/pip-install-u4b49k81/pandas_cfc0c94336164cbbbae19891b443f2bd/pandas/_libs/tslibs/vectorized.pyx
      [26/151] Compiling Cython source /tmp/pip-install-u4b49k81/pandas_cfc0c94336164cbbbae19891b443f2bd/pandas/_libs/hashing.pyx
      [27/151] Compiling Cython source /tmp/pip-install-u4b49k81/pandas_cfc0c94336164cbbbae19891b443f2bd/pandas/_libs/algos.pyx
      [28/151] Compiling Cython source /tmp/pip-install-u4b49k81/pandas_cfc0c94336164cbbbae19891b443f2bd/pandas/_libs/groupby.pyx
      [29/151] Compiling Cython source /tmp/pip-install-u4b49k81/pandas_cfc0c94336164cbbbae19891b443f2bd/pandas/_libs/indexing.pyx
      [30/151] Compiling Cython source /tmp/pip-install-u4b49k81/pandas_cfc0c94336164cbbbae19891b443f2bd/pandas/_libs/hashtable.pyx
      [31/151] Compiling Cython source /tmp/pip-install-u4b49k81/pandas_cfc0c94336164cbbbae19891b443f2bd/pandas/_libs/internals.pyx
      [32/151] Compiling Cython source /tmp/pip-install-u4b49k81/pandas_cfc0c94336164cbbbae19891b443f2bd/pandas/_libs/index.pyx
      [33/151] Compiling Cython source /tmp/pip-install-u4b49k81/pandas_cfc0c94336164cbbbae19891b443f2bd/pandas/_libs/interval.pyx
      [34/151] Compiling Cython source /tmp/pip-install-u4b49k81/pandas_cfc0c94336164cbbbae19891b443f2bd/pandas/_libs/lib.pyx
      [35/151] Compiling Cython source /tmp/pip-install-u4b49k81/pandas_cfc0c94336164cbbbae19891b443f2bd/pandas/_libs/missing.pyx
      [36/151] Compiling Cython source /tmp/pip-install-u4b49k81/pandas_cfc0c94336164cbbbae19891b443f2bd/pandas/_libs/join.pyx
      [37/151] Compiling Cython source /tmp/pip-install-u4b49k81/pandas_cfc0c94336164cbbbae19891b443f2bd/pandas/_libs/parsers.pyx
      [38/151] Compiling Cython source /tmp/pip-install-u4b49k81/pandas_cfc0c94336164cbbbae19891b443f2bd/pandas/_libs/ops_dispatch.pyx
      [39/151] Compiling Cython source /tmp/pip-install-u4b49k81/pandas_cfc0c94336164cbbbae19891b443f2bd/pandas/_libs/ops.pyx
      [40/151] Compiling Cython source /tmp/pip-install-u4b49k81/pandas_cfc0c94336164cbbbae19891b443f2bd/pandas/_libs/properties.pyx
      [41/151] Compiling Cython source /tmp/pip-install-u4b49k81/pandas_cfc0c94336164cbbbae19891b443f2bd/pandas/_libs/byteswap.pyx
      [42/151] Compiling Cython source /tmp/pip-install-u4b49k81/pandas_cfc0c94336164cbbbae19891b443f2bd/pandas/_libs/reshape.pyx
      [43/151] Compiling Cython source /tmp/pip-install-u4b49k81/pandas_cfc0c94336164cbbbae19891b443f2bd/pandas/_libs/sas.pyx
      [44/151] Compiling Cython source /tmp/pip-install-u4b49k81/pandas_cfc0c94336164cbbbae19891b443f2bd/pandas/_libs/testing.pyx
      [45/151] Compiling Cython source /tmp/pip-install-u4b49k81/pandas_cfc0c94336164cbbbae19891b443f2bd/pandas/_libs/writers.pyx
      [46/151] Compiling Cython source /tmp/pip-install-u4b49k81/pandas_cfc0c94336164cbbbae19891b443f2bd/pandas/_libs/tslib.pyx
      [47/151] Compiling Cython source /tmp/pip-install-u4b49k81/pandas_cfc0c94336164cbbbae19891b443f2bd/pandas/_libs/sparse.pyx
      [48/151] Compiling C object pandas/_libs/tslibs/base.cpython-314-x86_64-linux-gnu.so.p/meson-generated_pandas__libs_tslibs_base.pyx.c.o
      FAILED: [code=1] pandas/_libs/tslibs/base.cpython-314-x86_64-linux-gnu.so.p/meson-generated_pandas__libs_tslibs_base.pyx.c.o
      cc -Ipandas/_libs/tslibs/base.cpython-314-x86_64-linux-gnu.so.p -Ipandas/_libs/tslibs -I../../pandas/_libs/tslibs -I../../../../pip-build-env-biste6jf/overlay/lib/python3.14/site-packages/numpy/core/include -I../../pandas/_libs/include -I/opt/python/3.14.0/include/python3.14 -I/tmp/oryx/platforms/python/3.14.0/include/python3.14 -fvisibility=hidden -fdiagnostics-color=always -DNDEBUG -D_FILE_OFFSET_BITS=64 -w -std=c99 -O3 -DNPY_NO_DEPRECATED_API=0 -DNPY_TARGET_VERSION=NPY_1_21_API_VERSION -fPIC -MD -MQ pandas/_libs/tslibs/base.cpython-314-x86_64-linux-gnu.so.p/meson-generated_pandas__libs_tslibs_base.pyx.c.o -MF pandas/_libs/tslibs/base.cpython-314-x86_64-linux-gnu.so.p/meson-generated_pandas__libs_tslibs_base.pyx.c.o.d -o pandas/_libs/tslibs/base.cpython-314-x86_64-linux-gnu.so.p/meson-generated_pandas__libs_tslibs_base.pyx.c.o -c pandas/_libs/tslibs/base.cpython-314-x86_64-linux-gnu.so.p/pandas/_libs/tslibs/base.pyx.c
      pandas/_libs/tslibs/base.cpython-314-x86_64-linux-gnu.so.p/pandas/_libs/tslibs/base.pyx.c: In function ‘__Pyx_PyInt_As_long’:
      pandas/_libs/tslibs/base.cpython-314-x86_64-linux-gnu.so.p/pandas/_libs/tslibs/base.pyx.c:5397:27: error: too few arguments to function ‘_PyLong_AsByteArray’
       5397 |                 int ret = _PyLong_AsByteArray((PyLongObject *)v,
            |                           ^~~~~~~~~~~~~~~~~~~
      In file included from /tmp/oryx/platforms/python/3.14.0/include/python3.14/longobject.h:171,
                       from /tmp/oryx/platforms/python/3.14.0/include/python3.14/Python.h:91,
                       from pandas/_libs/tslibs/base.cpython-314-x86_64-linux-gnu.so.p/pandas/_libs/tslibs/base.pyx.c:6:
      /tmp/oryx/platforms/python/3.14.0/include/python3.14/cpython/longobject.h:84:17: note: declared here
         84 | PyAPI_FUNC(int) _PyLong_AsByteArray(PyLongObject* v,
            |                 ^~~~~~~~~~~~~~~~~~~
      pandas/_libs/tslibs/base.cpython-314-x86_64-linux-gnu.so.p/pandas/_libs/tslibs/base.pyx.c: In function ‘__Pyx_PyInt_As_int’:
      pandas/_libs/tslibs/base.cpython-314-x86_64-linux-gnu.so.p/pandas/_libs/tslibs/base.pyx.c:5631:27: error: too few arguments to function ‘_PyLong_AsByteArray’
       5631 |                 int ret = _PyLong_AsByteArray((PyLongObject *)v,
            |                           ^~~~~~~~~~~~~~~~~~~
      /tmp/oryx/platforms/python/3.14.0/include/python3.14/cpython/longobject.h:84:17: note: declared here
         84 | PyAPI_FUNC(int) _PyLong_AsByteArray(PyLongObject* v,
            |                 ^~~~~~~~~~~~~~~~~~~
      [49/151] Compiling Cython source /tmp/pip-install-u4b49k81/pandas_cfc0c94336164cbbbae19891b443f2bd/pandas/_libs/window/indexers.pyx
      [50/151] Compiling Cython source /tmp/pip-install-u4b49k81/pandas_cfc0c94336164cbbbae19891b443f2bd/pandas/_libs/window/aggregations.pyx
      ninja: build stopped: subcommand failed.
      [end of output]
  
  note: This error originates from a subprocess, and is likely not a problem with pip.

[notice] A new release of pip is available: 25.2 -&gt; 25.3
[notice] To update, run: pip install --upgrade pip
error: metadata-generation-failed

 Encountered error while generating package metadata.
╰─&gt; See above for output.

note: This is an issue with the package mentioned above, not pip.
hint: See above for details. </message>
      <timestamp>2025-11-30 04:47:14</timestamp>
      <exitCode>1</exitCode>
      <recommendation>Please review your requirements.txt</recommendation>
      <urlToGetMoreInformation>https://aka.ms/troubleshoot-python</urlToGetMoreInformation>
    </error>
  </buildSummary>
</deployment>