﻿<?xml version="1.0" encoding="utf-8"?>
<deployment>
  <id>temp-ff5d37cf</id>
  <author>N/A</author>
  <deployer>GitHub</deployer>
  <authorEmail>N/A</authorEmail>
  <message>N/A</message>
  <progress></progress>
  <status>Failed</status>
  <statusText>Deployment has been stopped due to SCM container restart. The restart can happen due to a management operation on site. Do not perform a management operation and a deployment operation in quick succession. Adding a small delay can help avoid any conflicts.</statusText>
  <lastSuccessEndTime />
  <receivedTime>2025-11-30T06:12:29.2424118Z</receivedTime>
  <startTime>2025-11-30T06:12:29.2424118Z</startTime>
  <endTime>2025-11-30T08:00:19.3167745Z</endTime>
  <complete>True</complete>
  <is_temp>True</is_temp>
  <is_readonly>False</is_readonly>
  <buildSummary />
</deployment>